Invasion,Invading ,Defending ,Time Period
2022 al-Shabaab invasion of Ethiopia,Al-Shabaab,Ethiopia,2000-Present
2022 invasion of Ukraine,Russia,Ukraine,2000-Present
2018 invasion of Socotra,United Arab Emirates,Yemen,2000-Present
2017 invasion of the Gambia,Senegal,Gambia,2000-Present
2017 invasion of the Gambia,Nigeria,Gambia,2000-Present
2017 invasion of the Gambia,Ghana,Gambia,2000-Present
2016 invasion of Syria,Turkey,"Rojava
 Islamic State
 Syria",2000-Present
2014 invasion of Gaza,Israel,Gaza Strip,2000-Present
2014 invasion of Ukraine,Russia,Ukraine,2000-Present
2011 invasion of Somalia,Kenya,Somalia,2000-Present
2008 invasion of Gaza,Israel,Gaza Strip,2000-Present
2008 invasion of Georgia,Russia,Georgia,2000-Present
2008 invasion of Anjouan,Comoros,Anjouan,2000-Present
2006 invasion of Somalia,Ethiopia,Somalia,2000-Present
2006 invasion of Lebanon,Israel,Lebanon,2000-Present
2004 invasion of Gaza,Israel,Gaza Strip,2000-Present
2003 invasion of Iraq,United States,Iraq,2000-Present
2003 invasion of Iraq,United Kingdom,Iraq,2000-Present
2003 invasion of Iraq,Australia,Iraq,2000-Present
2003 invasion of Iraq,Poland,Iraq,2000-Present
2002 invasion of West Bank,Israel,West Bank,2000-Present
2001 invasion of Afghanistan,United States,Afghanistan(Taliban),2000-Present
2001 invasion of Afghanistan,United Kingdom,Afghanistan(Taliban),2000-Present
2001 invasion of Afghanistan,Canada,Afghanistan(Taliban),2000-Present
2001 invasion of Afghanistan,Australia,Afghanistan(Taliban),2000-Present
2001 invasion of Afghanistan,Northern Alliance,Afghanistan(Taliban),2000-Present
1999 invasion of Kargil,Pakistan,India,1945-1999
1998 invasion of Democratic Republic of Congo,Uganda,Democratic Republic of the Congo,1945-1999
1998 invasion of Democratic Republic of Congo,Rwanda,Democratic Republic of the Congo,1945-1999
1998 invasion of Democratic Republic of Congo,Burundi,Democratic Republic of the Congo,1945-1999
1998 invasion of Ethiopia,Eritrea,Ethiopia,1945-1999
1994 invasion of Haiti,United States,Haiti,1945-1999
1991 invasion of Iraq,United States,Iraq,1945-1999
1991 invasion of Iraq,United Kingdom,Iraq,1945-1999
1991 invasion of Iraq,Saudi Arabia,Iraq,1945-1999
1991 invasion of Iraq,Egypt,Iraq,1945-1999
1991 invasion of Iraq,Syria,Iraq,1945-1999
1991 invasion of Saudi Arabia,Iraq,Saudi Arabia,1945-1999
1990 invasion of Kuwait,Iraq,Kuwait,1945-1999
1990 invasion of Rwanda,Rwandan Patriotic Front,Rwanda,1945-1999
1989 invasion of Panama,United States,Panama,1945-1999
1988 invasion of Spratly Islands,China,Vietnam,1945-1999
1984 Indian capture of Siachen,India,Pakistan,1945-1999
1983 invasion of Grenada,United States,Grenada,1945-1999
1982 invasion of Iraq,Iran,Iraq,1945-1999
1982 invasion of Lebanon,Israel,"Palestine Liberation Organization
 Syria",1945-1999
1982 invasion of Falklands,Argentina,United Kingdom,1945-1999
1980 invasion of Iran,Iraq,Iran,1945-1999
1979 invasion of Afghanistan,Soviet Union,Afghanistan,1945-1999
1979 invasion of Thailand,Vietnam,Thailand,1945-1999
1979 invasion of Vietnam,China,Vietnam,1945-1999
1979 invasion of Uganda,Tanzania,Uganda,1945-1999
1978 invasion of Cambodia,Vietnam,Cambodia,1945-1999
1978 invasion of Tanzania,Uganda,Tanzania,1945-1999
1978 invasion of Lebanon,Israel,Palestine Liberation Organization,1945-1999
1977 invasion of Ethiopia,Somalia,Ethiopia,1945-1999
1976 invasion of Lebanon,Syria,Lebanon,1945-1999
1975 invasion of East Timor,Indonesia,East Timor,1945-1999
1975 invasion of Spanish Sahara,Morocco,Spain,1945-1999
1975 invasion of Koh Poulo Wai,Vietnam,Cambodia,1945-1999
1975 invasion of Thổ Chu Islands,Cambodia,Vietnam,1945-1999
1975 invasion of South Vietnam,North Vietnam,South Vietnam,1945-1999
1974 invasion of Cyprus,Turkey,Cyprus,1945-1999
1974 invasion of Paracel Islands,China,South Vietnam,1945-1999
1973 Invasion of Israel,Egypt,Israel,1945-1999
1973 Invasion of Israel,Syria,Israel,1945-1999
1972 invasion of South Vietnam,North Vietnam,South Vietnam,1945-1999
1971 invasion of Laos,South Vietnam,North Vietnam,1945-1999
1971 invasion of Laos,United States,North Vietnam,1945-1999
1971 invasion of Pakistan and East Pakistan,India,Pakistan,1945-1999
1970 invasion of Cambodia,United States,North Vietnam,1945-1999
1970 invasion of Cambodia,South Vietnam,North Vietnam,1945-1999
1970 invasion of Cambodia,North Vietnam,Khmer Republic,1945-1999
1968 invasion of Czechoslovakia,Soviet Union,Czechoslovakia,1945-1999
1968 invasion of Czechoslovakia,Bulgaria,Czechoslovakia,1945-1999
1968 invasion of Czechoslovakia,Hungary,Czechoslovakia,1945-1999
1968 invasion of Czechoslovakia,Poland,Czechoslovakia,1945-1999
1968 invasion of South Vietnam,North Vietnam,"South Vietnam
 United States",1945-1999
1968 invasion of South Vietnam,National Liberation Front,"South Vietnam
 United States",1945-1999
1968 invasion of South Vietnam,Soviet Union,"South Vietnam
 United States",1945-1999
1967 invasion of Kingdom of Sikkim Nathu La and Cho La clashes,China,"India
 Kingdom of Sikkim",1945-1999
1967 invasions of Biafra,Nigeria,Biafra,1945-1999
1967 invasions of Biafra,Biafra,Nigeria,1945-1999
1967 invasion of Egypt,Israel,Egypt,1945-1999
1967 invasion of Syria,Israel,Syria,1945-1999
1967 invasion of Jordan,Israel,Jordan,1945-1999
1965 counter-invasion of Pakistan,India,Pakistan,1945-1999
1965 invasion of Jammu and Kashmir,Pakistan,India,1945-1999
1965 invasion of Dominican Republic,United States,Dominican Republic,1945-1999
1962 invasion of Aksai Chin and Arunachal Pradesh,China,India,1945-1999
1961 invasion of New Guinea,Indonesia,Netherlands,1945-1999
1961 Indian annexation of Goa,India,Portugal,1945-1999
1961 invasion of Cuba,United States,Cuba,1945-1999
1958 invasion of Laos,North Vietnam,Laos,1945-1999
1957 invasion of Spanish Sahara,Morocco,"Spain
   
   -  Spanish Sahara

France",1945-1999
1956 invasion of Hungary,Soviet Union,Hungary,1945-1999
1956 invasion of Egypt,France,Egypt,1945-1999
1956 invasion of Egypt,United Kingdom,Egypt,1945-1999
1956 invasion of Egypt,Israel,Egypt,1945-1999
1954 Indian annexation of Dadra and Nagar Haveli,India,Portugal,1945-1999
1951 invasion of North Korea,United States,North Korea,1945-1999
1951 invasion of North Korea,South Korea,North Korea,1945-1999
1951 invasion of South Korea,United States,North Korea,1945-1999
1951 invasion of South Korea,South Korea,North Korea,1945-1999
1950 invasion of North Korea,United States,North Korea,1945-1999
1950 invasion of North Korea,South Korea,North Korea,1945-1999
1950 invasion of South Korea,North Korea,South Korea,1945-1999
1950 invasion of Tibet,China,Tibet,1945-1999
1948 Indian annexation of Hyderabad,India,Hyderabad State,1945-1999
1948 occupation of Palestine,Israel,Palestine,1945-1999
1947 invasion of Jammu and Kashmir,Pakistan,"India
Jammu and Kashmir",1945-1999
1946 invasion of Vietnam,France,Vietnam,1945-1999
1945 invasion of Vietnam,France,Vietnam,1945-1999
1945 invasion of Indonesia,Netherlands,Indonesia,1945-1999
"1945 invasion of occupied Asia
   
   - Manchuria
   - Okinawa
   - Formosa
   - Iwo Jima
   - Burma",United States,Japan,1939-1945
"1945 invasion of occupied Asia
   
   - Manchuria
   - Okinawa
   - Formosa
   - Iwo Jima
   - Burma",Soviet Union,Japan,1939-1945
"1945 invasion of occupied Asia
   
   - Manchuria
   - Okinawa
   - Formosa
   - Iwo Jima
   - Burma",Vietnam,Japan,1939-1945
"1945 invasion of occupied Asia
   
   - Manchuria
   - Okinawa
   - Formosa
   - Iwo Jima
   - Burma",United Kingdom,Japan,1939-1945
"1945 invasion of occupied Asia
   
   - Manchuria
   - Okinawa
   - Formosa
   - Iwo Jima
   - Burma",Mongolia,Japan,1939-1945
"1945 invasion of occupied Europe
   
   - German mainland
   - General Government
   - Ostland
   - Poland
   - Austria",Soviet Union,Germany,1939-1945
"1945 invasion of occupied Europe
   
   - German mainland
   - General Government
   - Ostland
   - Poland
   - Austria",Poland,Germany,1939-1945
1945 invasion of Croatia,Soviet Union,Croatia,1939-1945
1945 invasion of Slovakia,Soviet Union,Slovakia,1939-1945
1945 invasion of Italy,United States,Italy,1939-1945
1945 invasion of Italy,United Kingdom,Italy,1939-1945
1945 invasion of Italy,Italy,Italy,1939-1945
1944 invasion of Azad Hind,United Kingdom,Azad Hind,1939-1945
1944 invasion of Bulgaria,Soviet Union,Bulgaria,1939-1945
1944 invasion of Yugoslavia,Soviet Union,Yugoslavia,1939-1945
"1944 invasion of occupied Europe
   
   - Western Germany
   - Occupied France
   - Occupied Ukraine
   - Occupied Belgium
   - Occupied Netherlands
   - Occupied Luxembourg",United States,Germany,1939-1945
"1944 invasion of occupied Europe
   
   - Western Germany
   - Occupied France
   - Occupied Ukraine
   - Occupied Belgium
   - Occupied Netherlands
   - Occupied Luxembourg","Soviet Union
",Germany,1939-1945
"1944 invasion of occupied Europe
   
   - Western Germany
   - Occupied France
   - Occupied Ukraine
   - Occupied Belgium
   - Occupied Netherlands
   - Occupied Luxembourg",United Kingdom,Germany,1939-1945
"1944 invasion of occupied Europe
   
   - Western Germany
   - Occupied France
   - Occupied Ukraine
   - Occupied Belgium
   - Occupied Netherlands
   - Occupied Luxembourg",Canada,Germany,1939-1945
1944 invasion of Albania,Soviet Union,Albania,1939-1945
"1944 invasion of the Pacific
   
   - Guam
   - Philippines
   - Marshall Islands",United States,Japan,1939-1945
1944 invasion of East Asia,Japan,China,1939-1945
1944 invasion of Romania,Soviet Union,Romania,1939-1945
1944 invasion of Hungary,Germany,Hungary,1939-1945
"1943 invasion of Italy
   
   - Mainland
   - Sicily",United Kingdom,Italy,1939-1945
"1943 invasion of Italy
   
   - Mainland
   - Sicily",United States,Italy,1939-1945
"1943 invasion of Italy
   
   - Mainland
   - Sicily",Canada,Italy,1939-1945
"1943 invasion of the Pacific
   
   - Kolombangara
   - Gilbert Islands
   - Marshall Islands",Japan,United States,1939-1945
1942 invasion of North Africa,United States,France,1939-1945
1942 invasion of North Africa,United Kingdom,France,1939-1945
1942 invasion of Solomon Islands,United States,Japan,1939-1945
1942 invasion of Solomon Islands,Australia,Japan,1939-1945
1942 invasion of Alaska,Japan,United States,1939-1945
1942 invasion of Vichy France,Germany,France,1939-1945
1942 invasion of Madagascar,United Kingdom,France,1939-1945
"1942 invasion of UK Pacific
   
   - Singapore
   - New Guinea",Japan,United Kingdom,1939-1945
1941 invasion of East Indies,Japan,Netherlands,1939-1945
"1941 invasion of US Pacific
   
   - Guam
   - Wake Island
   - Philippines",Japan,United States,1939-1945
"1941 invasion of UK Pacific
   
   - Borneo
   - Hong Kong
   - Malaya",Japan,United Kingdom,1939-1945
1941 invasion of Sarawak,Japan,Sarawak,1939-1945
1941 invasion of Thailand,Japan,Thailand,1939-1945
"1941 invasion of the Soviet Union
   
   - Occupied Poland
   - Belorussia
   - Baltic States
   - Ukraine
   - Bessarabia
   - Russia",Germany,Soviet Union,1939-1945
1941 invasion of Indochina,Thailand,France,1939-1945
1941 invasion of Iran,Soviet Union,Iran,1939-1945
1941 invasion of Iran,United Kingdom,Iran,1939-1945
1941 invasion of Syria,United Kingdom,Syria,1939-1945
1941 invasion of Lebanon,United Kingdom,Lebanon,1939-1945
1941 invasion of Indochina,Japan,Vietnam,1939-1945
1941 invasion of Greenland,United States,Greenland,1939-1945
1941 invasion of Yugoslavia,Germany,Yugoslavia,1939-1945
1941 invasion of Yugoslavia,Italy,Yugoslavia,1939-1945
1941 invasion of Yugoslavia,Bulgaria,Yugoslavia,1939-1945
1941 invasion of Yugoslavia,Hungary,Yugoslavia,1939-1945
1941 invasion of Greece,Germany,Greece,1939-1945
1941 invasion of Italian-occupied Albania,Greece,"Albania

Italy",1939-1945
1941 invasion of Vietnam,Japan,Vietnam,1939-1945
1941 invasion of Portuguese Timor,Australia,Portugal,1939-1945
1941 invasion of Portuguese Timor,Netherlands,Portugal,1939-1945
1940 invasion of Egypt,Italy,Egypt,1939-1945
1940 invasion of Egypt,Germany,Egypt,1939-1945
1940 invasion of Egypt,Bulgaria,Egypt,1939-1945
1940 invasion of Greece,Italy,Greece,1939-1945
1940 invasion of Greece,Albania,Greece,1939-1945
1940 invasion of Sudan,Italy,Sudan,1939-1945
1940 invasion of Kenya,Italy,Kenya,1939-1945
1940 invasion of Somaliland,Italy,Somaliland,1939-1945
1940 invasion of Vietnam,Japan,France,1939-1945
1940 invasion of Iceland,United Kingdom,Iceland,1939-1945
1940 invasion of Faroe Islands,United Kingdom,Denmark,1939-1945
1940 invasion of Denmark,Germany,Denmark,1939-1945
1940 invasion of Norway,Germany,Norway,1939-1945
1940 invasion of Belgium,Germany,Belgium,1939-1945
1940 invasion of France,Germany,France,1939-1945
1940 invasion of France,Italy,France,1939-1945
1940 invasion of Luxembourg,Germany,Luxembourg,1939-1945
1940 invasion of the Netherlands,Germany,Netherlands,1939-1945
1940 invasion of the Channel Islands,Germany,United Kingdom,1939-1945
1939 invasion of China,Japan,China,1939-1945
1939 invasion of Finland,Soviet Union,Finland,1939-1945
1939 invasion of Lithuania,Soviet Union,Lithuania,1939-1945
1939 invasion of Latvia,Soviet Union,Latvia,1939-1945
1939 invasion of Estonia,Soviet Union,Estonia,1939-1945
"1939 invasion of French colonies
   
   - Spratly Islands
   - Paracel Islands",Japan,France,1939-1945
1939 invasion of Poland,Soviet Union,Poland,1939-1945
1939 invasion of Poland,Germany,Poland,1939-1945
1939 invasion of Poland,Slovak Republic,Poland,1939-1945
1939 invasion of Mongolia,Japan,"Soviet Union
Mongolia",1918-1939
1939 invasion of Mongolia,Manchukuo,"Soviet Union
Mongolia",1918-1939
1939 invasion of Albania,Italy,Albania,1918-1940
1938 invasion of the Soviet Union,Japan,Soviet Union,1918-1941
1938 invasion of Czechoslovakia,Germany,Czechoslovakia,1918-1942
1938 invasion of Czechoslovakia,Hungary,Czechoslovakia,1918-1942
1938 invasion of Czechoslovakia,Poland,Czechoslovakia,1918-1942
1937 invasion of China,Japan,China,1918-1943
1935 invasion of Ethiopia,Italy,Ethiopia,1918-1944
1932 invasion of Bolivia,Paraguay,Bolivia,1918-1945
1931 invasion of Manchuria,Japan,China,1918-1946
1923 invasion of Corfu,Italy,Greece,1918-1947
1923 invasion of the Ruhr,France,Germany,1918-1948
1923 invasion of the Ruhr,Belgium,Germany,1918-1948
1920 invasion of Poland,Russian SFSR,Poland,1918-1949
1920 invasion of Poland,Ukrainian SSR,Poland,1918-1949
1919 invasion of Eastern Thrace and Western Anatolia,Greece,Turkey,1918-1950
1919 invasion of Ukraine,Romania,Ukraine,1918-1951
1919 invasion of Hungary,Romania,Hungary,1918-1952
1919 invasion of Ukraine,Russian SFSR,Ukraine,1918-1953
1919 invasion of Ukraine,Ukrainian SSR,Ukraine,1918-1953
1918 invasion of Russia,United Kingdom,Russian SFSR,1918-1954
1918 invasion of Russia,Canada,Russian SFSR,1918-1954
1918 invasion of Russia,Japan,Russian SFSR,1918-1954
1918 invasion of Russia,Czechoslovakia,Russian SFSR,1918-1954
1918 invasion of Russia,Greece,Russian SFSR,1918-1954
1918 invasion of Russia,Poland,Russian SFSR,1918-1954
1918 invasion of Russia,United States,Russian SFSR,1918-1954
1918 invasion of Russia,France,Russian SFSR,1918-1954
1918 invasion of Russia,Australia,Russian SFSR,1918-1954
1918 invasion of Russia,India,Russian SFSR,1918-1954
1918 invasion of Russia,Romania,Russian SFSR,1918-1954
1918 invasion of Russia,Serbia,Russian SFSR,1918-1954
1918 invasion of Russia,Italy,Russian SFSR,1918-1954
1918 invasion of Russia,China,Russian SFSR,1918-1954
1917 invasion of Hungary,United Kingdom,Austria-Hungary,1914-1918
1916 invasion of Romania,Germany,Romania,1914-1918
1916 invasion of Austria-Hungary,Romania,Austria-Hungary,1914-1918
1916 invasion of Mexico,United States,Mexico,1914-1918
1916 invasion of Vietnam,France,Vietnam,1914-1918
1915 invasion of Russia,Germany,Russia,1914-1918
1915 invasion of Russia,Austria-Hungary,Russia,1914-1918
1915 invasion of Montenegro,Austria-Hungary,Montenegro,1914-1918
1915 invasion of Serbia,Austria-Hungary,Serbia,1914-1918
1915 invasion of Serbia,Bulgaria,Serbia,1914-1918
1915 invasion of Serbia,Germany,Serbia,1914-1918
"1915 invasion of Ottoman Empire
   
   - Mesopotamia
   - Caucasus",United Kingdom,Ottoman Empire,1914-1918
"1915 invasion of Ottoman Empire
   
   - Mesopotamia
   - Caucasus",Russia,Ottoman Empire,1914-1918
1915 invasion of Serbia,Austria-Hungary,Serbia,1914-1918
1915 invasion of German South West Africa,South Africa,South-West Africa,1914-1918
"1914 invasion of German Pacific
   
   - Marshall Islands
   - Caroline Islands
   - Mariana Islands",Japan,Germany,1914-1918
1914 invasion of France,Germany,France,1914-1918
1914 invasion of East Africa,United Kingdom,East Africa,1914-1918
1914 invasion of Tsingtao,Japan,Germany,1914-1918
1914 invasion of Tsingtao,United Kingdom,Germany,1914-1918
1914 invasion of New Guinea,Australia,New Guinea,1914-1918
1914 invasion of Samoa,New Zealand,Samoa,1914-1918
1914 invasion of Kamerun,United Kingdom,Kamerun,1914-1918
1914 invasion of Kamerun,France,Kamerun,1914-1918
1914 invasion of Kamerun,Belgium,Kamerun,1914-1918
1914 invasion of Galicia,Russia,Austria-Hungary,1914-1918
1914 invasion of Germany,Russia,Germany,1914-1918
1914 invasion of Serbia,Austria-Hungary,Serbia,1914-1918
1914 invasion of South Africa,Germany,South Africa,1914-1918
1914 invasion of Togoland,France,Togoland,1914-1918
1914 invasion of Togoland,United Kingdom,Togoland,1914-1918
1914 invasion of Alsace,France,Germany,1914-1918
1914 invasion of Belgium,Germany,Belgium,1914-1918
1914 invasion of Luxembourg,Germany,Luxembourg,1914-1918
1915 invasion of Haiti,United States,Haiti,1800-1915
1913 invasion of Bulgaria,Serbia,Bulgaria,1800-1915
1913 invasion of Bulgaria,Romania,Bulgaria,1800-1915
1913 invasion of Bulgaria,Greece,Bulgaria,1800-1915
1913 invasion of Bulgaria,Montenegro,Bulgaria,1800-1915
1913 invasion of Bulgaria,Ottoman Empire,Bulgaria,1800-1915
1912 invasion of Macedonia,Bulgaria,Ottoman Empire,1800-1915
1912 invasion of Macedonia,Serbia,Ottoman Empire,1800-1915
1912 invasion of Macedonia,Greece,Ottoman Empire,1800-1915
1912 invasion of Macedonia,Montenegro,Ottoman Empire,1800-1915
1911 invasion of Libya,Italy,Ottoman Empire,1800-1915
1910 invasion of Korea,Japan,Korea,1800-1915
1910 invasion of Tibet,China,Tibet,1800-1915
1904 invasion of Russia,Japan,Russia,1800-1915
1904 invasion of Tibet,United Kingdom,Tibet,1800-1915
1903 invasion of Bolivia,Brazil,Bolivia,1800-1915
1900 invasion of the South African Republic and the Orange Free State,United Kingdom,"South African Republic 

 Orange Free State",1800-1915
1900 invasion of the South African Republic and the Orange Free State,Canada,"South African Republic 

 Orange Free State",1800-1915
1900 invasion of China,United Kingdom,China,1800-1915
1900 invasion of China,Russia,China,1800-1915
1900 invasion of China,Japan,China,1800-1915
1900 invasion of China,United States,China,1800-1915
1900 invasion of China,France,China,1800-1915
1900 invasion of China,Germany,China,1800-1915
1900 invasion of China,Italy,China,1800-1915
1900 invasion of China,Austria-Hungary,China,1800-1915
1899 invasion of British Africa,South African Republic,"British Empire 
   
   - Natal
   -  Cape Colony",1800-1915
1899 invasion of British Africa,Orange Free State,"British Empire 
   
   - Natal
   -  Cape Colony",1800-1915
1898 invasion of the Philippines,United States,Philippines,1800-1915
"1898 invasion of Spain
   
   - Puerto Rico
   - Cuba
   - Philippines
   - Guam",United States,Spain,1800-1915
1897 invasion of Greece,Ottoman Empire,Greece,1800-1915
1897 invasion of Crete,Greece,Ottoman Empire,1800-1915
1895 invasion of South African Republic,Cape Colony,South African Republic,1800-1915
1895 invasion of Ethiopia,Italy,Ethiopia,1800-1915
1895 invasion of Taiwan,Japan,Taiwan,1800-1915
1894 invasion of China,Japan,China,1800-1915
1894 invasion of Korea,Japan,Korea,1800-1915
1893 invasion of Hawaii,United States,Hawaii,1800-1915
1884 invasion of Chinese Tonkin,France,"Vietnam

 China",1800-1915
1879 invasion of Peru,Chile,Peru,1800-1915
1879 invasion of Bolivia,Chile,Bolivia,1800-1915
1878 invasion of Ottoman Turkey,Russia,Ottoman Empire,1800-1915
1877 invasion of Ottoman Bulgaria,Russia,Ottoman Bulgaria,1800-1915
1877 invasion of Ottoman Bulgaria,Serbia,Ottoman Bulgaria,1800-1915
1877 invasion of Ottoman Bulgaria,Romania,Ottoman Bulgaria,1800-1915
1877 invasion of Ottoman Bulgaria,Montenegro,Ottoman Bulgaria,1800-1915
1877 invasion of Ottoman Bulgaria,Bulgarian Legion,Ottoman Bulgaria,1800-1915
1871 invasion of France,North German Confederation,France,1800-1915
1871 invasion of Korea,United States,Korea,1800-1915
1868 invasion of Abyssinia,United Kingdom,Abyssinia,1800-1915
1868 invasion of Abyssinia,British India,Abyssinia,1800-1915
1866 invasion of Korea,France,Korea,1800-1915
"1865 invasion of Tonkin, Vietnam",Black Flag Army,"Siam

Luang Phrabang",1800-1915
1864 invasion of Peruvian Chincha Islands,Spain,"Peru

 Chile",1800-1915
1864 invasion of Paraguay,Brazil,Paraguay,1800-1915
1864 invasion of Paraguay,Argentina,Paraguay,1800-1915
1864 invasion of Paraguay,Uruguay,Paraguay,1800-1915
1863 invasion of the United States,Confederate States of America,United States,1800-1915
"1862 invasion of the United States
   
   - Maryland
   - Kentucky",Confederate States of America,United States,1800-1915
1862–1867 invasion of Mexico,France,Mexico,1800-1915
"1861–1865 invasions of the Confederate States
   
   - Virginia
   - Tennessee
   - Lower Seaboard
   - Pacific coast
   - West",United States,Confederate States of America,1800-1915
1859 invasion of Lombardy-Venetia,Sardinia-Piedmont,Lombardy-Venetia,1800-1915
1859 invasion of Lombardy-Venetia,France,Lombardy-Venetia,1800-1915
1859 invasion of Sardinia-Piedmont,Austria,Sardinia-Piedmont,1800-1915
1858 invasion of Vietnam,France,Vietnam,1800-1915
1856 invasion of China,United Kingdom,China,1800-1915
1856 invasion of China,France,China,1800-1915
1855 invasion of Ottoman Turkey,Russia,Ottoman Empire,1800-1915
1854–1855 invasions of Finland,United Kingdom,Grand Duchy of Finland,1800-1915
1854 invasion of Russia,United Kingdom,Russia,1800-1915
1854 invasion of Russia,France,Russia,1800-1915
1853 invasion of Moldavia and Wallachia,Russia,"Moldavia 

Wallachia",1800-1915
1852 invasion of Argentina,Brazil,Argentina,1800-1915
1852 invasion of Argentina,Uruguay,Argentina,1800-1915
1852 invasion of Argentina,Entre Rios,Argentina,1800-1915
1852 invasion of Argentina,Corrientes,Argentina,1800-1915
Manifest Destiny Invasion of the Western United States,United States,Native Americans,1800-1915
1846 invasion of Mexico,United States,Mexico,1800-1915
1841 invasion of Bolivia,Peru,Bolivia,1800-1915
1841 invasion of Cambodia,Vietnam,Cambodia,1800-1915
1841 invasion of Cambodia,Siam,Cambodia,1800-1915
1839 invasion of China,United Kingdom,China,1800-1915
1838 invasion of Peru,Chile,Peru,1800-1915
1837 invasion of Peru,Chile,Peru,1800-1915
1835 invasion of Riograndense Republic,Brazil,Riograndese Republic,1800-1915
1834 invasion of Ladakh,Jammu,Ladakh,1800-1915
1832 invasion of Syria,Egypt,"Ottoman Empire 
   
   - Syria",1800-1915
1832 invasion of Champa,Vietnam,Champa,1800-1915
1831 invasion of Cambodia and southern Vietnam,Siam,"Vietnam 

Cambodia",1800-1915
1830 invasion of Algeria,France,"Ottoman Empire 
   
   - Algiers",1800-1915
1827 invasion of Laos,Siam,Kingdom of Vientiane,1800-1915
1825 invasion of Greece,Egypt,Greece,1800-1915
1817-21 invasions of Assam,Burma,Assum,1800-1915
1812-16 invasions of the Banda Oriental,United Kingdom of Portugal,Banda Oriental,1800-1915
1812-16 invasions of the Banda Oriental,Brazil,Banda Oriental,1800-1915
1812-16 invasions of the Banda Oriental,the Algarves,Banda Oriental,1800-1915
1814 invasion of the United States,United Kingdom,United States,1800-1915
1814 invasion of the United States,Canada,United States,1800-1915
1813 invasion of Canada,United States,"British Empire 
   
   -  Upper Canada",1800-1915
1812 invasions of Canada,United States,"British Empire 
   
   -  Upper Canada
   -  Lower Canada",1800-1915
1812 invasions of United States,United Kingdom,United States,1800-1915
1812 invasions of United States,Canada,United States,1800-1915
1812 invasions of United States,Native Americans,United States,1800-1915
1812 invasion of Cambodia,Vietnam,Cambodia,1800-1915
1809 invasion of Sweden,Russia,Sweden,1800-1915
1808 invasion of Swedish Finland,Russia,Swedish Finland,1800-1915
1806–1807 invasions of Spanish Río de la Plata basin colonies,United Kingdom,"Spain
   
   - Viceroyalty of the Río de la Plata",1800-1915
1805 invasion of Tripoli,United States,"Ottoman Empire 
   
   - Tripoli",1800-1915
1813 invasion of France,Spain,France,1792–1815
1813 invasion of France,United Kingdom,France,1792–1815
1813 invasion of France,Portugal,France,1792–1815
1812 invasion of Russia,France,Russia,1792–1815
1812 invasion of Russia,Austria,Russia,1792–1815
1812 invasion of Russia,Prussia,Russia,1792–1815
1811 invasion of Java,United Kingdom,France,1792–1815
1810 invasion of Mauritius,United Kingdom,France,1792–1815
1810 invasion of Portugal,France,"Portugal
 United Kingdom",1792–1815
1810 invasion of Guadeloupe,United Kingdom,France,1792–1815
1809 Invasion of Sweden,Russia,Sweden,1792–1815
1809 invasion of Flanders,United Kingdom,France,1792–1815
1809 invasion of Portugal,France,"Portugal
 United Kingdom",1792–1815
1809 invasion of Martinique,United Kingdom,France,1792–1815
1808 invasion of Spain,France,Spain,1792–1815
1807 invasion of Portugal,France,Portugal,1792–1815
1807 invasion of Portugal,Spain,Portugal,1792–1815
1805 invasion of Bavaria,Austria,Bavaria,1792–1815
1800 invasion of Piedmont,France,Piedmont,1792–1815
Anglo-Russian invasion of Holland (1799),Great Britain,"Holland
France",1792–1815
Anglo-Russian invasion of Holland (1799),Russia,"Holland
France",1792–1815
1799 invasion of Ionian Islands,Russia,France,1792–1815
1799 invasion of Ionian Islands,Ottoman Empire,France,1792–1815
1798 invasion of Vietnam,France,Vietnam,1792–1815
1798 invasion of Ireland,France,Ireland,1792–1815
1798 invasion of Egypt,France,Ottoman Empire,1792–1815
1798 invasion of Malta,France,Order of St. John of Jerusalem,1792–1815
1795 invasion of France,Great Britain,France,1792–1815
1795 invasion of Ceylon,Great Britain,Batavian Republic,1792–1815
1795 invasion of Bavaria,France,Bavaria,1792–1815
1794 invasion of Holland,France,Dutch Republic,1792–1815
1794 invasion of the Austrian Netherlands,France,Austria,1792–1815
1793 invasion of the Kingdom of Sardinia,France,Sardinia,1792–1815
1793 invasion of Breda,France,Breda,1792–1815
1792 invasion of Poland,Russia,Poland,1700-1792
1792 invasion of Laos,Siam,Laos,1700-1792
1789 invasion of Vietnam,Manchu army,Vietnam,1700-1792
1788 invasion of Nepal,China,Nepal,1700-1792
1788 invasion of Vietnam,China,Vietnam,1700-1792
1788 invasion of Tibet,Gorkha Kingdom,Tibet,1700-1792
1784–1785 Battle of Rach Gam–Xoai Mut,Siam,Vietnam,1700-1792
1783 Al Khalifa invasion of Bahrain,Al Khalifa,Bahrain,1700-1792
1782 invasion of Cambodia,Siam,Cambodia,1700-1792
1778 invasion of Laos,Siam,Laos,1700-1792
1775 invasion of Canada,Thirteen Colonies (United States),Canada,1700-1792
1774 Tây Sơn Revolt,Vietnam,Annam,1700-1792
1769 invasion of Cambodia,Siam,Cambodia,1700-1792
1768 Invasion of Corsica,France,Corsica,1700-1792
1765–1767 invasion of Siam,Burma,Siam,1700-1792
1757 Battle of Prague,Prussia,Bohemia,1700-1792
1756 invasion of Saxony,Prussia,Saxony,1700-1792
1755 Wars over the south,Vietnam,Cochinchina,1700-1792
1750 invasion of Tibet,China,Tibet,1700-1792
1749 invasion of Cochinchina,Vietnam,Cochinchina,1700-1792
1741 invasion of Spanish Cuba,England,Spanish Cuba,1700-1792
1720 invasion of Tibet,China,Tibet,1700-1792
1718 War of the Quadruple Alliance,Austria,Sicily,1700-1792
1718 War of the Quadruple Alliance,Britain,Sicily,1700-1792
1718 War of the Quadruple Alliance,Spain,Sicily,1700-1792
1718 Great Northern War,Sweden,Norway,1700-1792
1717 War of the Quadruple Alliance,Spain,Sardinia,1700-1792
1717 Tatar raids,Tatar,Transylvania,1700-1792
1717 Omani invasion of Bahrain,Omani,Bahrain,1700-1792
1716 Battle of Petrovaradin,Ottoman Empire,Austria,1700-1792
1716 Great Northern War,Sweden,Norway,1700-1792
1716 invasion of Venetian Corfu,Ottoman Turks,Corfu,1700-1792
1714 Wars over the south,Vietnam,Cochinchina,1700-1792
1719 invasion of Sweden,Russia,Sweden,1700-1792
1707 invasion of Russia,Sweden,Russia,1700-1792
1706 invasion of Saxony,Sweden,Saxony,1700-1792
1705 invasion of Tibet,Mongols,Tibet,1700-1792
1702 invasion of the Polish–Lithuanian Commonwealth,Sweden,Polish–Lithuanian Commonwealth,1700-1792
1700 invasion of the Swedish Empire,Russia,Sweden,1700-1792
1700 invasion of the Swedish Empire,Denmark-Norway,Sweden,1700-1792
1700 invasion of the Swedish Empire,Polish-Lithuanian Commonwealth,Sweden,1700-1792
